stationID,date,time,PM2_5,PM10,O3,CO,NO2,SO2
18t,01/03/2019,00:00:00,22,36,-,-,-,-
18t,01/03/2019,01:00:00,25,39,44,0.02,3,2
18t,01/03/2019,02:00:00,22,36,44,0.03,4,2
18t,01/03/2019,03:00:00,24,34,39,0.05,6,-
18t,01/03/2019,04:00:00,24,40,33,0.12,10,-
18t,01/03/2019,05:00:00,24,40,29,0.18,14,-
18t,01/03/2019,06:00:00,29,41,21,0.35,27,-
18t,01/03/2019,07:00:00,33,53,26,0.36,23,1
18t,01/03/2019,08:00:00,28,54,37,0.16,12,-
18t,01/03/2019,09:00:00,28,43,42,0.07,6,-
18t,01/03/2019,10:00:00,22,38,40,0.08,5,-
18t,01/03/2019,11:00:00,27,36,42,0.04,5,-
18t,01/03/2019,12:00:00,19,33,43,0.06,5,-
18t,01/03/2019,13:00:00,22,34,45,0.02,3,-
18t,01/03/2019,14:00:00,22,39,-,-,-,-
18t,01/03/2019,15:00:00,22,33,40,-,-,-
18t,01/03/2019,16:00:00,22,34,-,-,-,-
18t,01/03/2019,17:00:00,28,33,-,0.1,7,-
18t,01/03/2019,18:00:00,23,46,28,0.19,12,-
18t,01/03/2019,19:00:00,20,43,31,0.17,11,-
18t,01/03/2019,20:00:00,24,43,30,0.14,10,-
18t,01/03/2019,21:00:00,24,42,31,0.08,6,-
18t,01/03/2019,22:00:00,24,38,34,0.06,3,-
18t,01/03/2019,23:00:00,19,35,33,0.05,4,-
18t,02/03/2019,00:00:00,20,34,36,0.05,3,-
18t,02/03/2019,01:00:00,22,35,-,-,-,-
18t,02/03/2019,02:00:00,22,34,43,0.07,4,1
18t,02/03/2019,03:00:00,28,39,41,0.13,8,-
18t,02/03/2019,04:00:00,28,44,37,0.14,9,-
18t,02/03/2019,05:00:00,29,42,34,0.19,12,-
18t,02/03/2019,06:00:00,29,47,33,0.18,12,-
18t,02/03/2019,07:00:00,33,48,36,0.15,9,-
18t,02/03/2019,08:00:00,28,42,38,0.08,9,-
18t,02/03/2019,09:00:00,20,43,41,0.08,5,-
18t,02/03/2019,10:00:00,23,37,35,0.06,8,-
18t,02/03/2019,11:00:00,25,38,39,0.09,7,-
18t,02/03/2019,12:00:00,26,39,40,0.07,4,-
18t,02/03/2019,13:00:00,26,36,42,0.05,3,-
18t,02/03/2019,14:00:00,23,36,43,0.06,3,-
18t,02/03/2019,15:00:00,23,38,39,0.07,5,-
18t,02/03/2019,16:00:00,25,40,37,0.07,5,-
18t,02/03/2019,17:00:00,27,39,30,0.16,9,-
18t,02/03/2019,18:00:00,28,43,24,0.23,14,-
18t,02/03/2019,19:00:00,12,47,23,0.25,18,-
18t,02/03/2019,20:00:00,16,44,28,0.15,11,1
18t,02/03/2019,21:00:00,7,38,30,0.1,8,-
18t,02/03/2019,22:00:00,17,37,31,0.06,6,-
18t,02/03/2019,23:00:00,18,37,35,0.04,4,-
18t,03/03/2019,00:00:00,20,33,39,0.05,3,-
18t,03/03/2019,01:00:00,17,38,41,0.04,2,-
18t,03/03/2019,02:00:00,22,36,-,-,-,-
18t,03/03/2019,03:00:00,21,37,39,0.04,4,-
18t,03/03/2019,04:00:00,27,36,34,0.05,4,-
18t,03/03/2019,05:00:00,21,37,35,0.05,5,-
18t,03/03/2019,06:00:00,24,38,35,0.06,6,1
18t,03/03/2019,07:00:00,25,36,35,0.06,6,1
18t,03/03/2019,08:00:00,26,38,34,0.19,6,1
18t,03/03/2019,09:00:00,25,36,35,0.15,5,-
18t,03/03/2019,10:00:00,25,38,37,0.04,4,-
18t,03/03/2019,11:00:00,18,37,34,0.41,9,-
18t,03/03/2019,12:00:00,23,46,35,0.54,9,1
18t,03/03/2019,13:00:00,24,49,40,0.23,3,-
18t,03/03/2019,14:00:00,24,39,39,0.71,5,-
18t,03/03/2019,15:00:00,18,55,39,0.24,4,-
18t,03/03/2019,16:00:00,13,40,32,0.05,5,-
18t,03/03/2019,17:00:00,21,33,26,0.13,9,-
18t,03/03/2019,18:00:00,20,38,23,0.16,10,-
18t,03/03/2019,19:00:00,14,38,26,0.1,7,-
18t,03/03/2019,20:00:00,9,33,28,0.05,6,-
18t,03/03/2019,21:00:00,19,31,27,0.07,7,-
18t,03/03/2019,22:00:00,13,33,28,0.03,5,-
18t,03/03/2019,23:00:00,9,29,30,0.01,3,-
18t,04/03/2019,00:00:00,16,32,31,0.01,3,-
18t,04/03/2019,01:00:00,16,28,32,-,2,-
18t,04/03/2019,02:00:00,14,31,33,-,2,-
18t,04/03/2019,03:00:00,14,24,-,-,-,-
18t,04/03/2019,04:00:00,18,32,30,0.05,5,-
18t,04/03/2019,05:00:00,19,32,26,0.1,9,-
18t,04/03/2019,06:00:00,24,37,26,0.13,11,-
18t,04/03/2019,07:00:00,12,36,29,0.12,9,-
18t,04/03/2019,08:00:00,20,37,31,0.1,7,-
18t,04/03/2019,09:00:00,22,35,33,-,-,-
18t,04/03/2019,10:00:00,15,48,32,0.05,6,-
18t,04/03/2019,11:00:00,21,31,32,0.04,6,-
18t,04/03/2019,12:00:00,21,36,34,0.03,4,-
18t,04/03/2019,13:00:00,24,29,33,0.02,4,-
18t,04/03/2019,14:00:00,19,31,33,0.03,5,-
18t,04/03/2019,15:00:00,20,31,32,0.03,4,-
18t,04/03/2019,16:00:00,17,34,29,0.06,7,-
18t,04/03/2019,17:00:00,23,36,28,0.11,9,-
18t,04/03/2019,18:00:00,20,34,25,0.15,14,-
18t,04/03/2019,19:00:00,21,42,29,0.14,11,-
18t,04/03/2019,20:00:00,23,38,33,0.09,10,1
18t,04/03/2019,21:00:00,-,32,34,0.08,9,-
18t,04/03/2019,22:00:00,26,34,39,0.04,5,-
18t,04/03/2019,23:00:00,9,31,48,0.06,3,-
18t,05/03/2019,00:00:00,-,29,50,0.06,5,2
18t,05/03/2019,01:00:00,11,41,51,0.06,3,2
18t,05/03/2019,02:00:00,16,37,50,0.06,3,1
18t,05/03/2019,03:00:00,7,39,22,0.17,28,7
18t,05/03/2019,04:00:00,27,46,-,-,-,-
18t,05/03/2019,05:00:00,18,42,24,0.18,16,3
18t,05/03/2019,06:00:00,-,44,21,0.34,24,1
18t,05/03/2019,07:00:00,32,53,27,0.34,18,1
18t,05/03/2019,08:00:00,8,51,35,0.19,13,1
18t,05/03/2019,09:00:00,15,44,43,0.13,12,-
18t,05/03/2019,10:00:00,22,41,49,0.11,5,-
18t,05/03/2019,11:00:00,-,-,50,0.1,6,1
18t,05/03/2019,12:00:00,-,-,52,0.09,4,-
18t,05/03/2019,13:00:00,20,36,50,0.08,4,-
18t,05/03/2019,14:00:00,23,31,48,0.08,5,-
18t,05/03/2019,15:00:00,22,36,43,0.11,8,-
18t,05/03/2019,16:00:00,27,37,44,0.16,10,1
18t,05/03/2019,17:00:00,29,41,42,0.18,11,-
18t,05/03/2019,18:00:00,28,42,44,0.18,13,1
18t,05/03/2019,19:00:00,-,45,38,0.2,13,1
18t,05/03/2019,20:00:00,15,37,34,0.19,13,1
18t,05/03/2019,21:00:00,18,35,36,0.11,10,-
18t,05/03/2019,22:00:00,13,34,39,0.05,8,1
18t,05/03/2019,23:00:00,23,33,41,0.02,5,1
18t,06/03/2019,00:00:00,26,31,46,0.04,3,-
18t,06/03/2019,01:00:00,17,25,45,0.03,3,-
18t,06/03/2019,02:00:00,-,26,43,0.04,3,-
18t,06/03/2019,03:00:00,19,24,38,0.05,4,-
18t,06/03/2019,04:00:00,22,31,32,0.1,7,-
18t,06/03/2019,05:00:00,31,42,-,-,-,-
18t,06/03/2019,06:00:00,39,58,7,0.24,32,8
18t,06/03/2019,07:00:00,49,72,8,0.33,26,6
18t,06/03/2019,08:00:00,41,64,14,0.39,26,6
18t,06/03/2019,09:00:00,49,65,32,0.36,26,6
18t,06/03/2019,10:00:00,48,70,50,0.15,11,2
18t,06/03/2019,11:00:00,37,49,48,0.13,7,1
18t,06/03/2019,12:00:00,36,43,56,0.11,6,2
18t,06/03/2019,13:00:00,37,48,55,0.11,9,2
18t,06/03/2019,14:00:00,34,41,57,0.11,5,1
18t,06/03/2019,15:00:00,34,41,48,0.08,4,1
18t,06/03/2019,16:00:00,32,39,35,0.1,8,1
18t,06/03/2019,17:00:00,28,33,26,0.14,11,1
18t,06/03/2019,18:00:00,23,31,24,0.14,12,1
18t,06/03/2019,19:00:00,20,33,28,-,6,1
18t,06/03/2019,20:00:00,16,22,31,0.01,5,-
18t,06/03/2019,21:00:00,17,26,24,0.05,8,1
18t,06/03/2019,22:00:00,17,30,26,0.02,5,-
18t,06/03/2019,23:00:00,16,25,29,-,3,-
18t,07/03/2019,00:00:00,17,21,30,-,3,-
18t,07/03/2019,01:00:00,12,18,30,-,3,-
18t,07/03/2019,02:00:00,12,17,29,-,3,-
18t,07/03/2019,03:00:00,14,19,27,-,4,-
18t,07/03/2019,04:00:00,10,17,27,-,4,-
18t,07/03/2019,05:00:00,15,21,22,0.04,6,-
18t,07/03/2019,06:00:00,17,23,-,-,-,-
18t,07/03/2019,07:00:00,16,27,22,0.08,8,3
18t,07/03/2019,08:00:00,17,28,26,0.02,5,1
18t,07/03/2019,09:00:00,17,23,24,-,6,-
18t,07/03/2019,10:00:00,15,20,25,-,8,1
18t,07/03/2019,11:00:00,18,22,27,0.01,8,1
18t,07/03/2019,12:00:00,17,22,29,-,6,1
18t,07/03/2019,13:00:00,15,18,31,0.01,4,-
18t,07/03/2019,14:00:00,16,22,31,-,4,1
18t,07/03/2019,15:00:00,12,16,28,-,6,3
18t,07/03/2019,16:00:00,12,16,30,-,3,-
18t,07/03/2019,17:00:00,19,20,29,0.04,6,-
18t,07/03/2019,18:00:00,16,23,19,0.17,14,2
18t,07/03/2019,19:00:00,21,30,14,0.24,20,2
18t,07/03/2019,20:00:00,21,39,15,0.15,17,1
18t,07/03/2019,21:00:00,20,29,21,-,9,1
18t,07/03/2019,22:00:00,16,24,21,-,9,1
18t,07/03/2019,23:00:00,14,17,19,0.03,10,1
18t,08/03/2019,00:00:00,20,25,22,0.04,8,1
18t,08/03/2019,01:00:00,11,18,24,0.03,6,1
18t,08/03/2019,02:00:00,16,26,26,0.01,6,1
18t,08/03/2019,03:00:00,18,22,25,-,7,-
18t,08/03/2019,04:00:00,20,22,23,0.04,9,1
18t,08/03/2019,05:00:00,20,29,18,0.13,13,1
18t,08/03/2019,06:00:00,21,28,13,0.29,19,2
18t,08/03/2019,07:00:00,24,39,-,-,-,-
18t,08/03/2019,08:00:00,18,34,27,0.08,9,1
18t,08/03/2019,09:00:00,17,27,28,0.01,6,-
18t,08/03/2019,10:00:00,21,22,29,0.05,7,1
18t,08/03/2019,11:00:00,19,22,29,-,5,-
18t,08/03/2019,12:00:00,15,21,32,-,3,-
18t,08/03/2019,13:00:00,11,15,33,-,5,-
18t,08/03/2019,14:00:00,15,19,35,-,4,-
18t,08/03/2019,15:00:00,15,21,34,-,4,-
18t,08/03/2019,16:00:00,17,21,32,-,4,-
18t,08/03/2019,17:00:00,19,21,30,0.03,8,4
18t,08/03/2019,18:00:00,14,23,27,0.13,12,1
18t,08/03/2019,19:00:00,23,34,21,0.19,18,2
18t,08/03/2019,20:00:00,21,32,26,0.13,18,3
18t,08/03/2019,21:00:00,19,35,31,0.06,9,1
18t,08/03/2019,22:00:00,20,28,32,0.04,7,1
18t,08/03/2019,23:00:00,21,28,30,0.01,7,1
18t,09/03/2019,00:00:00,24,27,34,-,5,1
18t,09/03/2019,01:00:00,17,29,34,-,3,-
18t,09/03/2019,02:00:00,17,29,38,-,3,-
18t,09/03/2019,03:00:00,14,19,36,0.01,4,-
18t,09/03/2019,04:00:00,16,22,26,0.1,10,1
18t,09/03/2019,05:00:00,9,29,22,0.16,13,1
18t,09/03/2019,06:00:00,11,36,20,0.21,17,2
18t,09/03/2019,07:00:00,17,35,24,0.18,15,2
18t,09/03/2019,08:00:00,17,33,-,-,-,-
18t,09/03/2019,09:00:00,20,25,30,0.03,7,1
18t,09/03/2019,10:00:00,19,25,34,-,3,-
18t,09/03/2019,11:00:00,11,16,35,-,3,-
18t,09/03/2019,12:00:00,6,17,36,-,5,1
18t,09/03/2019,13:00:00,-,16,38,-,3,1
18t,09/03/2019,14:00:00,8,19,38,-,2,-
18t,09/03/2019,15:00:00,9,22,37,-,3,-
18t,09/03/2019,16:00:00,20,21,34,-,4,-
18t,09/03/2019,17:00:00,18,24,30,0.06,10,1
18t,09/03/2019,18:00:00,19,25,25,0.14,15,1
18t,09/03/2019,19:00:00,16,23,26,0.07,13,1
18t,09/03/2019,20:00:00,14,22,28,0.02,8,1
18t,09/03/2019,21:00:00,14,19,25,0.05,11,2
18t,09/03/2019,22:00:00,14,20,26,-,7,1
18t,09/03/2019,23:00:00,16,19,30,-,3,-
18t,10/03/2019,00:00:00,13,17,32,-,3,-
18t,10/03/2019,01:00:00,12,16,33,-,2,-
18t,10/03/2019,02:00:00,10,14,32,-,3,-
18t,10/03/2019,03:00:00,13,14,30,-,3,-
18t,10/03/2019,04:00:00,15,18,29,0.01,5,-
18t,10/03/2019,05:00:00,13,19,26,0.07,9,-
18t,10/03/2019,06:00:00,16,26,25,0.13,13,2
18t,10/03/2019,07:00:00,18,26,27,0.11,10,1
18t,10/03/2019,08:00:00,4,26,32,0.01,5,1
18t,10/03/2019,09:00:00,6,22,-,-,-,-
18t,10/03/2019,10:00:00,18,20,34,-,3,-
18t,10/03/2019,11:00:00,12,21,35,-,3,-
18t,10/03/2019,12:00:00,12,20,34,-,3,1
18t,10/03/2019,13:00:00,13,21,33,-,2,-
18t,10/03/2019,14:00:00,13,17,33,-,2,-
18t,10/03/2019,15:00:00,12,19,32,-,2,-
18t,10/03/2019,16:00:00,16,17,30,0.03,5,1
18t,10/03/2019,17:00:00,25,28,24,0.12,13,1
18t,10/03/2019,18:00:00,23,30,22,0.13,13,1
18t,10/03/2019,19:00:00,20,26,28,0.02,8,1
18t,10/03/2019,20:00:00,11,24,25,-,7,1
18t,10/03/2019,21:00:00,-,21,25,-,6,-
18t,10/03/2019,22:00:00,18,22,28,-,4,-
18t,10/03/2019,23:00:00,11,18,27,-,4,-
18t,11/03/2019,00:00:00,-,18,25,-,4,1
18t,11/03/2019,01:00:00,-,14,28,-,2,-
18t,11/03/2019,02:00:00,-,14,27,-,2,-
18t,11/03/2019,03:00:00,-,17,26,-,2,-
18t,11/03/2019,04:00:00,17,22,22,0.02,6,-
18t,11/03/2019,05:00:00,16,23,13,0.18,17,-
18t,11/03/2019,06:00:00,19,26,17,0.09,14,1
18t,11/03/2019,07:00:00,21,27,25,0.04,7,1
18t,11/03/2019,08:00:00,16,28,29,0.01,5,-
18t,11/03/2019,09:00:00,15,23,29,-,6,-
18t,11/03/2019,10:00:00,14,22,-,-,-,-
18t,11/03/2019,11:00:00,16,28,34,-,8,1
18t,11/03/2019,12:00:00,19,31,37,-,5,1
18t,11/03/2019,13:00:00,21,28,41,0.01,4,-
18t,11/03/2019,14:00:00,22,27,42,-,3,-
18t,11/03/2019,15:00:00,19,26,41,-,3,-
18t,11/03/2019,16:00:00,24,26,42,0.05,5,1
18t,11/03/2019,17:00:00,25,35,34,0.18,16,1
18t,11/03/2019,18:00:00,28,36,18,0.17,20,2
18t,11/03/2019,19:00:00,26,37,26,0.01,9,1
18t,11/03/2019,20:00:00,19,29,22,-,7,-
18t,11/03/2019,21:00:00,15,21,19,-,9,1
18t,11/03/2019,22:00:00,14,23,20,-,6,1
18t,11/03/2019,23:00:00,11,18,20,-,6,1
18t,12/03/2019,00:00:00,16,20,17,0.12,9,3
18t,12/03/2019,01:00:00,11,25,19,0.02,6,2
18t,12/03/2019,02:00:00,7,25,19,-,6,1
18t,12/03/2019,03:00:00,18,23,15,0.05,10,2
18t,12/03/2019,04:00:00,23,30,13,0.11,14,2
18t,12/03/2019,05:00:00,28,33,12,0.15,16,1
18t,12/03/2019,06:00:00,21,31,11,0.09,17,1
18t,12/03/2019,07:00:00,20,29,14,0.16,15,2
18t,12/03/2019,08:00:00,27,36,18,0.09,13,2
18t,12/03/2019,09:00:00,30,43,35,0.2,9,1
18t,12/03/2019,10:00:00,49,59,53,0.25,9,2
18t,12/03/2019,11:00:00,59,68,-,-,-,-
18t,12/03/2019,12:00:00,58,72,72,0.26,13,2
18t,12/03/2019,13:00:00,60,75,62,0.18,10,1
18t,12/03/2019,14:00:00,-,-,72,0.18,7,2
18t,12/03/2019,15:00:00,44,55,73,0.2,10,2
18t,12/03/2019,16:00:00,46,55,62,0.27,13,2
18t,12/03/2019,17:00:00,44,55,44,0.33,23,2
18t,12/03/2019,18:00:00,42,46,42,0.34,22,1
18t,12/03/2019,19:00:00,36,49,39,0.1,16,3
18t,12/03/2019,20:00:00,31,47,37,0.07,11,1
18t,12/03/2019,21:00:00,31,40,36,0.06,8,1
18t,12/03/2019,22:00:00,25,42,32,0.04,7,1
18t,12/03/2019,23:00:00,22,33,28,0.05,8,1
18t,13/03/2019,00:00:00,23,38,29,0.02,6,1
18t,13/03/2019,01:00:00,-,28,31,-,5,-
18t,13/03/2019,02:00:00,-,28,31,-,4,-
18t,13/03/2019,03:00:00,19,31,23,0.05,8,-
18t,13/03/2019,04:00:00,22,37,17,0.17,15,1
18t,13/03/2019,05:00:00,22,38,15,0.24,19,1
18t,13/03/2019,06:00:00,26,42,12,0.32,24,1
18t,13/03/2019,07:00:00,37,49,21,0.26,16,1
18t,13/03/2019,08:00:00,29,48,28,0.08,8,1
18t,13/03/2019,09:00:00,23,37,28,0.06,10,1
18t,13/03/2019,10:00:00,29,40,35,0.04,7,1
18t,13/03/2019,11:00:00,26,37,41,-,4,1
18t,13/03/2019,12:00:00,25,30,-,-,-,-
18t,13/03/2019,13:00:00,18,25,34,-,6,1
18t,13/03/2019,14:00:00,19,23,33,-,3,1
18t,13/03/2019,15:00:00,20,31,31,0.03,4,-
18t,13/03/2019,16:00:00,19,34,27,0.07,6,1
18t,13/03/2019,17:00:00,22,38,22,0.11,10,1
18t,13/03/2019,18:00:00,23,35,20,0.07,10,1
18t,13/03/2019,19:00:00,21,35,20,0.03,10,1
18t,13/03/2019,20:00:00,20,28,17,0.06,11,1
18t,13/03/2019,21:00:00,18,26,14,0.09,14,2
18t,13/03/2019,22:00:00,23,33,19,0.03,9,1
18t,13/03/2019,23:00:00,14,26,24,-,6,1
18t,14/03/2019,00:00:00,15,25,28,-,3,1
18t,14/03/2019,01:00:00,14,18,29,-,3,1
18t,14/03/2019,02:00:00,15,23,29,-,4,-
18t,14/03/2019,03:00:00,18,23,25,0.03,6,-
18t,14/03/2019,04:00:00,18,30,22,0.07,9,1
18t,14/03/2019,05:00:00,17,28,17,0.16,16,1
18t,14/03/2019,06:00:00,22,32,9,0.29,27,1
18t,14/03/2019,07:00:00,-,40,15,0.27,22,1
18t,14/03/2019,08:00:00,-,38,20,0.2,17,1
18t,14/03/2019,09:00:00,14,29,25,0.11,12,1
18t,14/03/2019,10:00:00,22,28,29,0.09,10,1
18t,14/03/2019,11:00:00,20,28,32,0.02,5,-
18t,14/03/2019,12:00:00,14,26,34,0.02,4,1
18t,14/03/2019,13:00:00,17,22,-,-,-,-
18t,14/03/2019,14:00:00,17,19,36,-,3,-
18t,14/03/2019,15:00:00,-,-,35,-,2,-
18t,14/03/2019,16:00:00,16,18,31,-,2,-
18t,14/03/2019,17:00:00,19,22,27,-,4,-
18t,14/03/2019,18:00:00,15,20,28,-,3,-
18t,14/03/2019,19:00:00,16,17,23,0.05,9,1
18t,14/03/2019,20:00:00,16,23,22,-,7,-
18t,14/03/2019,21:00:00,17,21,21,-,6,-
18t,14/03/2019,22:00:00,5,14,20,-,6,1
18t,14/03/2019,23:00:00,7,21,22,-,5,1
19t,01/03/2019,00:00:00,29,38,31,0.27,9,4
19t,01/03/2019,01:00:00,23,41,34,0.31,9,4
19t,01/03/2019,02:00:00,26,45,36,-,-,-
19t,01/03/2019,03:00:00,23,45,-,0.29,9,5
19t,01/03/2019,04:00:00,24,41,21,0.44,10,6
19t,01/03/2019,05:00:00,26,35,27,0.58,16,6
19t,01/03/2019,06:00:00,24,41,14,0.74,30,7
19t,01/03/2019,07:00:00,35,64,20,0.52,21,5
19t,01/03/2019,08:00:00,26,67,29,0.25,15,4
19t,01/03/2019,09:00:00,25,52,35,0.26,12,4
19t,01/03/2019,10:00:00,21,40,36,0.25,11,4
19t,01/03/2019,11:00:00,22,48,-,0.36,9,5
19t,01/03/2019,12:00:00,15,46,24,-,-,-
19t,01/03/2019,13:00:00,21,36,35,0.52,10,6
19t,01/03/2019,14:00:00,22,41,34,0.56,9,5
19t,01/03/2019,15:00:00,24,38,37,0.39,11,5
19t,01/03/2019,16:00:00,20,43,31,0.37,10,4
19t,01/03/2019,17:00:00,20,42,25,0.6,10,4
19t,01/03/2019,18:00:00,25,41,23,0.61,12,4
19t,01/03/2019,19:00:00,23,41,18,0.79,13,6
19t,01/03/2019,20:00:00,23,42,27,0.88,14,6
19t,01/03/2019,21:00:00,24,35,23,0.87,14,7
19t,01/03/2019,22:00:00,26,36,25,0.83,13,6
19t,01/03/2019,23:00:00,24,38,26,0.7,11,5
19t,02/03/2019,00:00:00,25,38,27,0.62,9,4
19t,02/03/2019,01:00:00,24,40,32,-,-,-
19t,02/03/2019,02:00:00,27,46,-,2.72,8,6
19t,02/03/2019,03:00:00,28,40,28,2.7,8,4
19t,02/03/2019,04:00:00,26,42,24,2.87,9,6
19t,02/03/2019,05:00:00,26,41,31,2.95,14,7
19t,02/03/2019,06:00:00,30,43,25,2.99,17,6
19t,02/03/2019,07:00:00,26,46,25,2.81,17,5
19t,02/03/2019,08:00:00,26,54,29,2.71,13,4
19t,02/03/2019,09:00:00,30,47,34,2.68,12,4
19t,02/03/2019,10:00:00,25,51,36,2.69,11,4
19t,02/03/2019,11:00:00,24,50,25,2.79,11,4
19t,02/03/2019,12:00:00,-,46,31,2.89,10,5
19t,02/03/2019,13:00:00,26,44,39,2.89,11,4
19t,02/03/2019,14:00:00,22,44,38,2.88,11,5
19t,02/03/2019,15:00:00,25,48,33,2.78,10,4
19t,02/03/2019,16:00:00,22,48,31,2.7,10,3
19t,02/03/2019,17:00:00,28,53,27,2.7,12,3
19t,02/03/2019,18:00:00,23,49,25,2.67,14,2
19t,02/03/2019,19:00:00,22,49,18,2.86,16,5
19t,02/03/2019,20:00:00,26,44,20,2.98,20,6
19t,02/03/2019,21:00:00,32,53,21,2.96,20,7
19t,02/03/2019,22:00:00,33,72,21,2.91,17,6
19t,02/03/2019,23:00:00,25,46,24,2.76,12,4
19t,03/03/2019,00:00:00,21,38,28,-,-,-
19t,03/03/2019,01:00:00,22,37,-,0.76,8,4
19t,03/03/2019,02:00:00,24,40,25,0.74,8,3
19t,03/03/2019,03:00:00,21,36,26,0.72,8,3
19t,03/03/2019,04:00:00,21,42,21,0.86,9,4
19t,03/03/2019,05:00:00,23,34,32,0.95,10,5
19t,03/03/2019,06:00:00,19,36,27,0.97,13,3
19t,03/03/2019,07:00:00,19,39,26,0.78,12,3
19t,03/03/2019,08:00:00,19,36,25,0.69,11,3
19t,03/03/2019,09:00:00,17,38,28,0.67,9,3
19t,03/03/2019,10:00:00,16,40,28,0.69,9,3
19t,03/03/2019,11:00:00,23,44,22,0.76,9,4
19t,03/03/2019,12:00:00,23,39,26,0.88,10,5
19t,03/03/2019,13:00:00,19,38,29,0.89,10,4
19t,03/03/2019,14:00:00,22,39,38,0.9,11,4
19t,03/03/2019,15:00:00,21,39,30,0.83,10,4
19t,03/03/2019,16:00:00,23,43,25,0.7,9,4
19t,03/03/2019,17:00:00,23,46,22,0.67,9,4
19t,03/03/2019,18:00:00,20,40,19,0.7,12,4
19t,03/03/2019,19:00:00,18,44,14,0.82,12,6
19t,03/03/2019,20:00:00,19,35,18,0.94,12,7
19t,03/03/2019,21:00:00,21,33,23,0.94,12,6
19t,03/03/2019,22:00:00,20,34,22,0.95,11,4
19t,03/03/2019,23:00:00,18,30,23,-,-,-
19t,04/03/2019,00:00:00,18,29,-,0.58,9,6
19t,04/03/2019,01:00:00,18,35,16,0.53,8,4
19t,04/03/2019,02:00:00,16,30,20,0.53,8,4
19t,04/03/2019,03:00:00,18,31,22,0.51,8,3
19t,04/03/2019,04:00:00,19,31,20,0.66,8,6
19t,04/03/2019,05:00:00,20,30,25,0.78,10,7
19t,04/03/2019,06:00:00,20,35,25,0.81,13,6
19t,04/03/2019,07:00:00,20,39,21,0.65,13,5
19t,04/03/2019,08:00:00,20,43,24,0.55,12,4
19t,04/03/2019,09:00:00,21,44,26,0.54,10,4
19t,04/03/2019,10:00:00,22,39,27,0.53,10,4
19t,04/03/2019,11:00:00,20,41,22,0.62,10,5
19t,04/03/2019,12:00:00,18,35,28,0.71,9,6
19t,04/03/2019,13:00:00,23,33,26,0.71,10,5
19t,04/03/2019,14:00:00,18,37,39,0.7,10,6
19t,04/03/2019,15:00:00,14,41,27,0.61,10,5
19t,04/03/2019,16:00:00,18,42,24,0.52,10,4
19t,04/03/2019,17:00:00,17,45,25,0.53,11,4
19t,04/03/2019,18:00:00,20,42,22,0.54,12,4
19t,04/03/2019,19:00:00,21,41,19,0.71,13,6
19t,04/03/2019,20:00:00,23,39,27,0.82,14,7
19t,04/03/2019,21:00:00,23,38,29,0.82,15,6
19t,04/03/2019,22:00:00,20,37,32,-,-,-
19t,04/03/2019,23:00:00,22,31,-,-,11,6
19t,05/03/2019,00:00:00,23,38,34,0.56,9,4
19t,05/03/2019,01:00:00,21,38,40,0.62,9,3
19t,05/03/2019,02:00:00,27,40,38,0.61,8,4
19t,05/03/2019,03:00:00,27,36,36,0.61,9,4
19t,05/03/2019,04:00:00,25,41,33,0.8,11,5
19t,05/03/2019,05:00:00,29,41,35,0.88,13,7
19t,05/03/2019,06:00:00,30,40,25,0.89,22,6
19t,05/03/2019,07:00:00,29,51,28,0.77,19,4
19t,05/03/2019,08:00:00,32,58,39,0.62,14,4
19t,05/03/2019,09:00:00,28,50,44,0.59,12,4
19t,05/03/2019,10:00:00,25,44,45,0.59,10,4
19t,05/03/2019,11:00:00,28,44,39,0.69,11,5
19t,05/03/2019,12:00:00,29,42,50,0.81,10,6
19t,05/03/2019,13:00:00,22,44,45,0.78,10,6
19t,05/03/2019,14:00:00,23,50,44,0.71,10,5
19t,05/03/2019,15:00:00,24,43,44,0.62,11,5
19t,05/03/2019,16:00:00,23,47,42,0.56,10,4
19t,05/03/2019,17:00:00,27,50,40,0.59,12,4
19t,05/03/2019,18:00:00,25,44,38,0.65,14,3
19t,05/03/2019,19:00:00,31,49,34,0.85,17,6
19t,05/03/2019,20:00:00,28,47,27,0.91,26,10
19t,05/03/2019,21:00:00,30,48,26,-,-,-
19t,05/03/2019,22:00:00,30,42,-,0.78,20,9
19t,05/03/2019,23:00:00,24,39,28,0.65,16,6
19t,06/03/2019,00:00:00,21,35,23,0.55,11,4
19t,06/03/2019,01:00:00,18,28,28,0.58,9,4
19t,06/03/2019,02:00:00,17,28,31,0.6,9,3
19t,06/03/2019,03:00:00,18,32,28,0.61,9,3
19t,06/03/2019,04:00:00,19,29,23,0.79,11,5
19t,06/03/2019,05:00:00,20,26,23,0.87,15,5
19t,06/03/2019,06:00:00,22,28,14,0.95,20,6
19t,06/03/2019,07:00:00,30,49,8,1.01,34,7
19t,06/03/2019,08:00:00,51,80,7,0.96,34,7
19t,06/03/2019,09:00:00,49,80,23,0.78,25,5
19t,06/03/2019,10:00:00,42,67,41,0.69,16,4
19t,06/03/2019,11:00:00,42,59,52,0.76,14,4
19t,06/03/2019,12:00:00,39,53,61,0.85,13,7
19t,06/03/2019,13:00:00,39,57,58,0.79,12,6
19t,06/03/2019,14:00:00,39,57,57,0.79,12,5
19t,06/03/2019,15:00:00,36,48,40,0.7,13,5
19t,06/03/2019,16:00:00,29,46,22,0.6,11,4
19t,06/03/2019,17:00:00,21,40,21,0.54,11,3
19t,06/03/2019,18:00:00,20,36,15,0.58,16,3
19t,06/03/2019,19:00:00,22,35,14,0.78,15,4
19t,06/03/2019,20:00:00,18,33,21,-,-,-
19t,06/03/2019,21:00:00,15,32,-,-,14,5
19t,06/03/2019,22:00:00,16,25,20,-,12,5
19t,06/03/2019,23:00:00,13,24,19,-,11,5
19t,07/03/2019,00:00:00,10,21,11,0.47,11,4
19t,07/03/2019,01:00:00,19,27,14,0.5,9,5
19t,07/03/2019,02:00:00,13,27,16,0.51,9,5
19t,07/03/2019,03:00:00,16,24,19,0.51,8,4
19t,07/03/2019,04:00:00,13,23,11,0.67,10,6
19t,07/03/2019,05:00:00,14,18,16,0.76,11,7
19t,07/03/2019,06:00:00,13,21,10,0.85,19,8
19t,07/03/2019,07:00:00,16,31,10,0.72,15,5
19t,07/03/2019,08:00:00,14,37,12,0.61,14,5
19t,07/03/2019,09:00:00,13,28,16,0.6,15,4
19t,07/03/2019,10:00:00,12,30,21,0.54,11,5
19t,07/03/2019,11:00:00,19,33,13,0.64,10,5
19t,07/03/2019,12:00:00,19,29,25,0.75,10,6
19t,07/03/2019,13:00:00,16,30,24,0.76,11,6
19t,07/03/2019,14:00:00,17,31,25,0.68,11,5
19t,07/03/2019,15:00:00,15,32,25,0.6,12,6
19t,07/03/2019,16:00:00,17,33,24,0.55,11,4
19t,07/03/2019,17:00:00,13,31,21,0.51,11,3
19t,07/03/2019,18:00:00,17,36,13,0.57,13,4
19t,07/03/2019,19:00:00,14,32,13,-,-,-
19t,07/03/2019,20:00:00,14,31,-,-,16,6
19t,07/03/2019,21:00:00,14,27,3,-,23,7
19t,07/03/2019,22:00:00,21,35,3,-,24,11
19t,07/03/2019,23:00:00,18,33,9,-,17,7
19t,08/03/2019,00:00:00,16,34,5,0.52,15,6
19t,08/03/2019,01:00:00,15,26,10,0.51,13,6
19t,08/03/2019,02:00:00,17,22,14,0.5,13,6
19t,08/03/2019,03:00:00,15,25,10,0.53,14,5
19t,08/03/2019,04:00:00,15,28,4,0.67,16,7
19t,08/03/2019,05:00:00,19,29,6,0.85,21,9
19t,08/03/2019,06:00:00,23,33,-,0.98,34,12
19t,08/03/2019,07:00:00,30,46,1,0.89,27,9
19t,08/03/2019,08:00:00,26,47,10,0.7,21,7
19t,08/03/2019,09:00:00,21,40,20,0.61,19,6
19t,08/03/2019,10:00:00,21,36,29,0.54,15,6
19t,08/03/2019,11:00:00,16,36,23,0.59,13,7
19t,08/03/2019,12:00:00,20,25,25,0.71,11,9
19t,08/03/2019,13:00:00,18,30,41,0.75,11,8
19t,08/03/2019,14:00:00,17,29,29,0.77,11,7
19t,08/03/2019,15:00:00,14,28,27,0.65,12,7
19t,08/03/2019,16:00:00,20,27,28,0.58,12,7
19t,08/03/2019,17:00:00,21,38,25,0.54,11,6
19t,08/03/2019,18:00:00,20,35,19,-,-,-
19t,08/03/2019,19:00:00,17,40,-,0.71,20,8
19t,08/03/2019,20:00:00,32,46,18,0.56,19,9
19t,08/03/2019,21:00:00,23,33,18,0.54,20,11
19t,08/03/2019,22:00:00,22,39,20,0.53,19,10
19t,08/03/2019,23:00:00,25,39,22,0.46,15,8
19t,09/03/2019,00:00:00,19,33,18,0.49,11,5
19t,09/03/2019,01:00:00,19,29,18,0.46,10,4
19t,09/03/2019,02:00:00,17,27,21,0.46,9,5
19t,09/03/2019,03:00:00,16,24,21,0.46,9,4
19t,09/03/2019,04:00:00,17,24,14,0.63,10,6
19t,09/03/2019,05:00:00,11,20,20,0.72,13,7
19t,09/03/2019,06:00:00,13,24,6,0.88,25,8
19t,09/03/2019,07:00:00,20,32,7,0.73,21,7
19t,09/03/2019,08:00:00,16,38,15,0.55,16,5
19t,09/03/2019,09:00:00,17,37,24,0.5,15,5
19t,09/03/2019,10:00:00,13,35,33,0.47,11,4
19t,09/03/2019,11:00:00,16,26,29,0.56,10,5
19t,09/03/2019,12:00:00,13,22,37,0.69,10,7
19t,09/03/2019,13:00:00,13,26,35,0.68,10,7
19t,09/03/2019,14:00:00,13,27,33,0.63,10,6
19t,09/03/2019,15:00:00,14,28,31,0.55,10,5
19t,09/03/2019,16:00:00,11,30,27,0.49,9,5
19t,09/03/2019,17:00:00,11,30,28,-,-,-
19t,09/03/2019,18:00:00,17,34,-,0.52,12,6
19t,09/03/2019,19:00:00,19,37,10,0.82,15,6
19t,09/03/2019,20:00:00,25,36,17,0.88,16,8
19t,09/03/2019,21:00:00,22,37,9,0.84,18,9
19t,09/03/2019,22:00:00,27,44,11,0.71,17,7
19t,09/03/2019,23:00:00,17,31,14,0.63,14,5
19t,10/03/2019,00:00:00,14,22,13,0.47,11,5
19t,10/03/2019,01:00:00,15,22,16,0.46,9,4
19t,10/03/2019,02:00:00,13,21,19,0.46,8,4
19t,10/03/2019,03:00:00,15,51,19,0.47,8,3
19t,10/03/2019,04:00:00,15,22,15,0.64,9,5
19t,10/03/2019,05:00:00,15,18,22,0.73,10,6
19t,10/03/2019,06:00:00,16,26,9,0.82,17,7
19t,10/03/2019,07:00:00,15,29,8,0.68,17,6
19t,10/03/2019,08:00:00,17,44,14,0.57,14,5
19t,10/03/2019,09:00:00,23,41,23,0.51,13,4
19t,10/03/2019,10:00:00,18,29,30,0.47,11,4
19t,10/03/2019,11:00:00,18,32,18,0.59,10,5
19t,10/03/2019,12:00:00,14,24,23,0.7,10,6
19t,10/03/2019,13:00:00,16,28,33,0.72,10,5
19t,10/03/2019,14:00:00,16,28,30,0.74,10,5
19t,10/03/2019,15:00:00,18,28,29,0.61,10,5
19t,10/03/2019,16:00:00,15,31,24,-,-,-
19t,10/03/2019,17:00:00,14,36,-,0.48,13,5
19t,10/03/2019,18:00:00,15,39,7,0.55,16,4
19t,10/03/2019,19:00:00,18,38,8,0.72,15,5
19t,10/03/2019,20:00:00,17,32,19,0.77,14,7
19t,10/03/2019,21:00:00,18,23,15,0.78,14,7
19t,10/03/2019,22:00:00,19,30,11,0.72,16,6
19t,10/03/2019,23:00:00,17,27,12,0.59,14,6
19t,11/03/2019,00:00:00,13,23,11,0.48,10,5
19t,11/03/2019,01:00:00,11,23,11,0.49,10,5
19t,11/03/2019,02:00:00,15,21,15,0.48,9,5
19t,11/03/2019,03:00:00,11,19,14,0.5,8,4
19t,11/03/2019,04:00:00,10,20,7,0.67,10,6
19t,11/03/2019,05:00:00,14,20,1,0.85,18,6
19t,11/03/2019,06:00:00,19,29,-,1,29,6
19t,11/03/2019,07:00:00,26,46,-,0.9,21,6
19t,11/03/2019,08:00:00,21,41,6,0.69,16,5
19t,11/03/2019,09:00:00,16,41,14,0.64,14,5
19t,11/03/2019,10:00:00,19,38,22,0.56,12,5
19t,11/03/2019,11:00:00,17,34,16,0.65,11,6
19t,11/03/2019,12:00:00,17,28,22,0.75,10,7
19t,11/03/2019,13:00:00,19,33,32,0.78,11,6
19t,11/03/2019,14:00:00,14,31,28,0.81,10,6
19t,11/03/2019,15:00:00,20,31,29,-,-,-
19t,11/03/2019,16:00:00,18,34,-,-,11,7
19t,11/03/2019,17:00:00,22,37,24,-,12,5
19t,11/03/2019,18:00:00,21,35,4,0.6,24,4
19t,11/03/2019,19:00:00,21,48,2,0.74,19,7
19t,11/03/2019,20:00:00,21,32,15,0.82,16,7
19t,11/03/2019,21:00:00,20,24,11,0.77,14,4
19t,11/03/2019,22:00:00,17,25,13,0.72,12,5
19t,11/03/2019,23:00:00,17,22,10,0.6,12,5
19t,12/03/2019,00:00:00,13,21,9,0.55,10,4
19t,12/03/2019,01:00:00,13,21,10,0.62,9,4
19t,12/03/2019,02:00:00,13,29,10,0.62,9,5
19t,12/03/2019,03:00:00,13,20,10,0.63,10,4
19t,12/03/2019,04:00:00,21,31,1,0.81,11,6
19t,12/03/2019,05:00:00,21,25,-,0.95,17,5
19t,12/03/2019,06:00:00,21,37,-,1.27,25,6
19t,12/03/2019,07:00:00,41,59,-,1.3,32,7
19t,12/03/2019,08:00:00,41,76,-,1.09,28,6
19t,12/03/2019,09:00:00,39,71,9,0.79,18,5
19t,12/03/2019,10:00:00,48,66,23,0.7,15,4
19t,12/03/2019,11:00:00,31,51,26,0.8,15,5
19t,12/03/2019,12:00:00,41,52,28,0.89,11,6
19t,12/03/2019,13:00:00,25,43,32,0.95,11,6
19t,12/03/2019,14:00:00,28,47,49,-,-,-
19t,12/03/2019,15:00:00,37,48,-,0.55,14,6
19t,12/03/2019,16:00:00,32,50,54,0.46,13,6
19t,12/03/2019,17:00:00,34,57,48,0.44,16,5
19t,12/03/2019,18:00:00,41,62,23,0.52,24,4
19t,12/03/2019,19:00:00,44,71,19,0.73,25,6
19t,12/03/2019,20:00:00,41,64,29,0.67,19,8
19t,12/03/2019,21:00:00,28,41,22,0.62,17,7
19t,12/03/2019,22:00:00,30,44,23,0.57,14,6
19t,12/03/2019,23:00:00,25,38,20,0.45,13,5
19t,13/03/2019,00:00:00,27,38,12,0.45,11,4
19t,13/03/2019,01:00:00,23,36,5,0.52,13,4
19t,13/03/2019,02:00:00,28,34,4,0.52,14,5
19t,13/03/2019,03:00:00,22,34,6,0.52,13,4
19t,13/03/2019,04:00:00,21,34,1,0.71,15,7
19t,13/03/2019,05:00:00,24,33,1,0.84,18,7
19t,13/03/2019,06:00:00,23,37,-,0.95,25,7
19t,13/03/2019,07:00:00,32,55,7,0.82,23,6
19t,13/03/2019,08:00:00,29,59,6,0.72,20,6
19t,13/03/2019,09:00:00,30,55,17,0.59,17,5
19t,13/03/2019,10:00:00,26,46,30,0.54,17,4
19t,13/03/2019,11:00:00,27,49,28,0.62,14,5
19t,13/03/2019,12:00:00,29,39,32,0.71,11,6
19t,13/03/2019,13:00:00,26,38,27,-,-,-
19t,13/03/2019,14:00:00,21,38,-,0.8,11,6
19t,13/03/2019,15:00:00,24,42,23,0.67,12,6
19t,13/03/2019,16:00:00,21,39,16,0.51,10,5
19t,13/03/2019,17:00:00,23,39,18,0.34,11,4
19t,13/03/2019,18:00:00,26,41,11,0.35,13,4
19t,13/03/2019,19:00:00,18,35,6,0.56,13,6
19t,13/03/2019,20:00:00,19,28,11,0.65,13,7
19t,13/03/2019,21:00:00,18,27,13,0.7,16,7
19t,13/03/2019,22:00:00,21,35,13,0.69,15,6
19t,13/03/2019,23:00:00,19,34,13,0.56,14,6
19t,14/03/2019,00:00:00,16,33,13,0.45,11,5
19t,14/03/2019,01:00:00,17,30,13,0.46,10,5
19t,14/03/2019,02:00:00,15,23,14,0.44,9,5
19t,14/03/2019,03:00:00,14,26,12,0.45,9,4
19t,14/03/2019,04:00:00,20,30,5,0.67,13,6
19t,14/03/2019,05:00:00,21,28,-,0.85,19,8
19t,14/03/2019,06:00:00,24,36,-,0.97,33,9
19t,14/03/2019,07:00:00,29,50,4,0.77,24,7
19t,14/03/2019,08:00:00,16,44,8,-,-,-
19t,14/03/2019,09:00:00,20,41,-,-,-,-
19t,14/03/2019,10:00:00,14,29,-,0.46,14,7
19t,14/03/2019,11:00:00,18,37,13,0.53,12,6
19t,14/03/2019,12:00:00,15,29,33,-,-,-
19t,14/03/2019,13:00:00,18,29,-,-,11,7
19t,14/03/2019,14:00:00,17,31,28,-,13,7
19t,14/03/2019,15:00:00,16,30,27,-,13,7
19t,14/03/2019,16:00:00,13,29,19,-,10,5
19t,14/03/2019,17:00:00,16,27,16,0.43,11,5
19t,14/03/2019,18:00:00,12,30,13,0.46,11,5
19t,14/03/2019,19:00:00,13,25,9,0.63,12,7
19t,14/03/2019,20:00:00,14,17,19,0.71,13,8
19t,14/03/2019,21:00:00,12,19,12,0.7,12,6
19t,14/03/2019,22:00:00,12,16,12,0.65,12,5
19t,14/03/2019,23:00:00,12,13,10,0.57,11,5
20t,01/03/2019,00:00:00,26,39,25,0.46,7,-
20t,01/03/2019,01:00:00,22,36,25,0.44,6,-
20t,01/03/2019,02:00:00,23,34,24,0.46,6,-
20t,01/03/2019,03:00:00,24,31,15,0.5,14,-
20t,01/03/2019,04:00:00,26,30,3,0.6,22,-
20t,01/03/2019,05:00:00,32,57,3,0.64,22,2
20t,01/03/2019,06:00:00,47,52,2,0.72,24,3
20t,01/03/2019,07:00:00,60,72,5,0.75,22,2
20t,01/03/2019,08:00:00,54,74,12,0.69,22,1
20t,01/03/2019,09:00:00,42,66,21,0.71,24,1
20t,01/03/2019,10:00:00,34,63,-,-,-,-
20t,01/03/2019,11:00:00,32,58,60,0.54,12,3
20t,01/03/2019,12:00:00,32,50,69,0.55,11,2
20t,01/03/2019,13:00:00,31,47,77,0.55,10,2
20t,01/03/2019,14:00:00,29,44,73,0.52,11,6
20t,01/03/2019,15:00:00,30,47,66,0.51,11,7
20t,01/03/2019,16:00:00,29,47,59,0.53,13,4
20t,01/03/2019,17:00:00,24,45,49,0.53,12,1
20t,01/03/2019,18:00:00,19,49,29,0.64,21,3
20t,01/03/2019,19:00:00,24,55,10,0.78,34,7
20t,01/03/2019,20:00:00,28,54,11,0.73,27,5
20t,01/03/2019,21:00:00,28,50,15,0.66,20,6
20t,01/03/2019,22:00:00,26,45,13,0.61,19,1
20t,01/03/2019,23:00:00,23,43,16,0.58,14,1
20t,02/03/2019,00:00:00,21,40,19,0.56,12,1
20t,02/03/2019,01:00:00,22,39,23,0.52,8,1
20t,02/03/2019,02:00:00,22,34,23,0.51,9,1
20t,02/03/2019,03:00:00,25,29,22,0.52,12,1
20t,02/03/2019,04:00:00,25,30,24,0.52,13,1
20t,02/03/2019,05:00:00,26,30,21,0.63,19,1
20t,02/03/2019,06:00:00,37,43,4,0.75,28,1
20t,02/03/2019,07:00:00,45,52,5,0.79,24,3
20t,02/03/2019,08:00:00,48,65,10,0.79,26,3
20t,02/03/2019,09:00:00,41,64,31,0.6,14,8
20t,02/03/2019,10:00:00,37,56,42,0.57,12,4
20t,02/03/2019,11:00:00,32,50,-,-,-,-
20t,02/03/2019,12:00:00,29,42,70,0.55,7,1
20t,02/03/2019,13:00:00,28,36,75,0.58,8,3
20t,02/03/2019,14:00:00,32,42,73,0.56,8,3
20t,02/03/2019,15:00:00,34,58,69,0.54,8,2
20t,02/03/2019,16:00:00,31,41,63,0.58,11,4
20t,02/03/2019,17:00:00,33,48,44,0.64,17,4
20t,02/03/2019,18:00:00,37,54,29,0.69,19,2
20t,02/03/2019,19:00:00,37,58,20,0.66,21,2
20t,02/03/2019,20:00:00,33,54,16,0.68,21,3
20t,02/03/2019,21:00:00,30,46,22,0.6,16,2
20t,02/03/2019,22:00:00,27,39,25,0.52,11,1
20t,02/03/2019,23:00:00,23,39,27,0.5,8,1
20t,03/03/2019,00:00:00,22,37,24,0.48,9,1
20t,03/03/2019,01:00:00,19,35,25,0.47,8,1
20t,03/03/2019,02:00:00,18,34,26,0.49,7,-
20t,03/03/2019,03:00:00,18,34,27,0.49,8,1
20t,03/03/2019,04:00:00,20,30,25,0.49,9,1
20t,03/03/2019,05:00:00,21,25,23,0.51,10,1
20t,03/03/2019,06:00:00,22,28,19,0.54,12,1
20t,03/03/2019,07:00:00,25,34,19,0.58,16,1
20t,03/03/2019,08:00:00,32,38,22,0.57,11,1
20t,03/03/2019,09:00:00,31,36,29,0.56,8,1
20t,03/03/2019,10:00:00,31,45,43,0.56,7,1
20t,03/03/2019,11:00:00,32,57,60,0.53,5,1
20t,03/03/2019,12:00:00,31,45,-,-,-,-
20t,03/03/2019,13:00:00,30,50,69,0.49,5,1
20t,03/03/2019,14:00:00,32,53,75,0.5,5,1
20t,03/03/2019,15:00:00,35,62,82,0.5,6,1
20t,03/03/2019,16:00:00,34,52,-,-,-,-
20t,03/03/2019,17:00:00,34,40,78,0.54,11,1
20t,03/03/2019,18:00:00,33,49,34,0.61,21,1
20t,03/03/2019,19:00:00,31,50,21,0.57,17,1
20t,03/03/2019,20:00:00,28,48,18,0.51,13,1
20t,03/03/2019,21:00:00,23,45,19,0.46,10,1
20t,03/03/2019,22:00:00,19,40,20,0.46,8,-
20t,03/03/2019,23:00:00,17,37,23,0.43,6,-
20t,04/03/2019,00:00:00,16,33,23,0.42,6,-
20t,04/03/2019,01:00:00,17,27,21,0.42,7,-
20t,04/03/2019,02:00:00,17,27,20,0.43,7,-
20t,04/03/2019,03:00:00,16,26,20,0.42,7,-
20t,04/03/2019,04:00:00,16,24,18,0.43,8,-
20t,04/03/2019,05:00:00,17,22,17,0.47,10,-
20t,04/03/2019,06:00:00,18,26,14,0.52,14,-
20t,04/03/2019,07:00:00,24,31,12,0.63,20,1
20t,04/03/2019,08:00:00,42,57,17,0.59,14,1
20t,04/03/2019,09:00:00,44,67,24,0.54,9,1
20t,04/03/2019,10:00:00,37,60,33,0.58,7,3
20t,04/03/2019,11:00:00,34,62,42,0.49,6,2
20t,04/03/2019,12:00:00,27,42,47,0.47,4,1
20t,04/03/2019,13:00:00,20,32,49,0.45,4,1
20t,04/03/2019,14:00:00,18,29,-,-,-,-
20t,04/03/2019,15:00:00,17,24,44,0.43,8,7
20t,04/03/2019,16:00:00,17,30,39,0.45,10,4
20t,04/03/2019,17:00:00,19,39,28,0.51,14,13
20t,04/03/2019,18:00:00,23,45,22,0.5,13,3
20t,04/03/2019,19:00:00,21,44,18,0.53,14,4
20t,04/03/2019,20:00:00,20,42,19,0.55,14,5
20t,04/03/2019,21:00:00,22,42,21,0.51,12,3
20t,04/03/2019,22:00:00,21,40,23,0.49,10,4
20t,04/03/2019,23:00:00,27,42,26,0.5,7,3
20t,05/03/2019,00:00:00,30,43,24,0.48,8,1
20t,05/03/2019,01:00:00,27,37,28,0.48,7,1
20t,05/03/2019,02:00:00,24,27,25,0.49,8,1
20t,05/03/2019,03:00:00,24,32,21,0.57,16,2
20t,05/03/2019,04:00:00,31,38,11,0.63,21,3
20t,05/03/2019,05:00:00,42,58,6,0.62,19,3
20t,05/03/2019,06:00:00,49,67,4,0.66,19,2
20t,05/03/2019,07:00:00,51,67,6,0.71,18,3
20t,05/03/2019,08:00:00,49,64,12,0.72,20,3
20t,05/03/2019,09:00:00,45,59,23,0.7,21,3
20t,05/03/2019,10:00:00,37,48,46,0.55,10,3
20t,05/03/2019,11:00:00,32,41,61,0.54,8,4
20t,05/03/2019,12:00:00,30,38,66,0.52,7,5
20t,05/03/2019,13:00:00,29,36,65,0.51,7,3
20t,05/03/2019,14:00:00,28,42,61,0.52,8,6
20t,05/03/2019,15:00:00,31,43,-,-,-,-
20t,05/03/2019,16:00:00,32,50,51,0.48,11,8
20t,05/03/2019,17:00:00,32,59,44,0.59,13,10
20t,05/03/2019,18:00:00,32,62,36,0.62,16,7
20t,05/03/2019,19:00:00,34,58,29,0.6,16,3
20t,05/03/2019,20:00:00,33,50,28,0.59,15,3
20t,05/03/2019,21:00:00,32,46,26,0.56,13,2
20t,05/03/2019,22:00:00,30,43,24,0.53,12,1
20t,05/03/2019,23:00:00,26,34,27,0.47,9,1
20t,06/03/2019,00:00:00,27,32,25,0.48,10,1
20t,06/03/2019,01:00:00,29,32,25,0.47,8,-
20t,06/03/2019,02:00:00,26,28,24,0.48,8,-
20t,06/03/2019,03:00:00,22,26,15,0.52,14,-
20t,06/03/2019,04:00:00,24,27,3,0.62,22,1
20t,06/03/2019,05:00:00,32,39,2,0.63,22,2
20t,06/03/2019,06:00:00,41,49,1,0.7,23,1
20t,06/03/2019,07:00:00,46,65,3,0.81,24,3
20t,06/03/2019,08:00:00,50,55,9,0.8,23,3
20t,06/03/2019,09:00:00,46,54,24,0.7,16,3
20t,06/03/2019,10:00:00,41,46,41,0.6,13,4
20t,06/03/2019,11:00:00,37,45,53,0.45,7,2
20t,06/03/2019,12:00:00,30,56,66,0.45,8,2
20t,06/03/2019,13:00:00,23,52,108,0.55,11,2
20t,06/03/2019,14:00:00,23,50,102,0.47,9,1
20t,06/03/2019,15:00:00,23,46,80,0.48,9,3
20t,06/03/2019,16:00:00,23,38,-,-,-,-
20t,06/03/2019,17:00:00,26,38,45,0.52,17,9
20t,06/03/2019,18:00:00,28,47,28,0.62,22,10
20t,06/03/2019,19:00:00,32,55,10,0.77,27,9
20t,06/03/2019,20:00:00,35,58,6,0.63,24,4
20t,06/03/2019,21:00:00,31,52,9,0.56,19,3
20t,06/03/2019,22:00:00,27,47,10,0.52,17,3
20t,06/03/2019,23:00:00,23,38,11,0.47,13,1
20t,07/03/2019,00:00:00,18,29,14,0.44,11,1
20t,07/03/2019,01:00:00,14,22,12,0.43,11,1
20t,07/03/2019,02:00:00,13,19,12,0.45,10,1
20t,07/03/2019,03:00:00,13,19,11,0.45,11,1
20t,07/03/2019,04:00:00,13,17,8,0.48,14,1
20t,07/03/2019,05:00:00,15,18,1,0.58,18,1
20t,07/03/2019,06:00:00,22,24,1,0.66,18,2
20t,07/03/2019,07:00:00,34,36,4,0.72,17,2
20t,07/03/2019,08:00:00,39,48,7,0.69,18,3
20t,07/03/2019,09:00:00,34,46,18,0.57,13,2
20t,07/03/2019,10:00:00,25,34,36,0.52,10,3
20t,07/03/2019,11:00:00,19,28,51,0.46,7,3
20t,07/03/2019,12:00:00,18,21,63,0.45,7,2
20t,07/03/2019,13:00:00,17,19,67,0.44,7,3
20t,07/03/2019,14:00:00,18,27,68,0.47,9,2
20t,07/03/2019,15:00:00,20,25,64,0.44,10,2
20t,07/03/2019,16:00:00,19,31,55,0.42,9,2
20t,07/03/2019,17:00:00,19,34,-,-,-,-
20t,07/03/2019,18:00:00,22,38,28,0.52,17,2
20t,07/03/2019,19:00:00,23,40,9,0.62,27,2
20t,07/03/2019,20:00:00,24,42,2,0.73,34,2
20t,07/03/2019,21:00:00,22,45,1,0.72,30,2
20t,07/03/2019,22:00:00,22,41,1,0.76,28,1
20t,07/03/2019,23:00:00,23,36,1,0.74,25,1
20t,08/03/2019,00:00:00,22,32,2,0.69,23,1
20t,08/03/2019,01:00:00,18,28,4,0.53,18,1
20t,08/03/2019,02:00:00,17,23,6,0.52,14,1
20t,08/03/2019,03:00:00,15,23,6,0.55,16,1
20t,08/03/2019,04:00:00,20,34,1,0.68,21,2
20t,08/03/2019,05:00:00,31,47,1,0.74,22,3
20t,08/03/2019,06:00:00,42,60,1,0.7,21,2
20t,08/03/2019,07:00:00,46,61,4,0.73,17,3
20t,08/03/2019,08:00:00,44,66,7,0.69,19,4
20t,08/03/2019,09:00:00,37,61,13,0.67,23,3
20t,08/03/2019,10:00:00,31,48,30,0.6,15,2
20t,08/03/2019,11:00:00,25,35,53,0.52,9,3
20t,08/03/2019,12:00:00,24,32,62,0.51,9,3
20t,08/03/2019,13:00:00,25,37,65,0.49,8,4
20t,08/03/2019,14:00:00,23,27,63,0.47,7,2
20t,08/03/2019,15:00:00,18,25,55,0.44,8,3
20t,08/03/2019,16:00:00,15,25,47,0.46,11,4
20t,08/03/2019,17:00:00,15,26,37,0.48,14,2
20t,08/03/2019,18:00:00,17,31,-,-,-,-
20t,08/03/2019,19:00:00,22,40,4,0.85,39,25
20t,08/03/2019,20:00:00,28,51,1,0.84,35,7
20t,08/03/2019,21:00:00,27,49,1,0.83,31,4
20t,08/03/2019,22:00:00,26,40,5,0.64,26,3
20t,08/03/2019,23:00:00,24,32,10,0.56,18,2
20t,09/03/2019,00:00:00,24,27,10,0.56,17,2
20t,09/03/2019,01:00:00,23,25,13,0.52,13,1
20t,09/03/2019,02:00:00,19,23,12,0.5,11,1
20t,09/03/2019,03:00:00,17,20,11,0.51,14,1
20t,09/03/2019,04:00:00,17,22,15,0.52,12,2
20t,09/03/2019,05:00:00,21,44,1,0.69,21,2
20t,09/03/2019,06:00:00,32,71,1,0.74,21,3
20t,09/03/2019,07:00:00,42,92,3,0.77,19,3
20t,09/03/2019,08:00:00,46,114,7,0.73,21,3
20t,09/03/2019,09:00:00,46,112,19,0.57,12,8
20t,09/03/2019,10:00:00,41,109,29,0.54,10,6
20t,09/03/2019,11:00:00,34,81,44,0.53,8,4
20t,09/03/2019,12:00:00,30,67,52,0.52,8,5
20t,09/03/2019,13:00:00,25,53,54,0.51,8,5
20t,09/03/2019,14:00:00,20,56,45,0.46,8,5
20t,09/03/2019,15:00:00,18,66,40,0.45,11,9
20t,09/03/2019,16:00:00,19,72,36,0.43,9,4
20t,09/03/2019,17:00:00,18,58,26,0.47,15,13
20t,09/03/2019,18:00:00,19,63,20,0.54,17,7
20t,09/03/2019,19:00:00,20,74,-,-,-,-
20t,09/03/2019,20:00:00,24,70,10,0.64,21,4
20t,09/03/2019,21:00:00,24,59,12,0.54,16,4
20t,09/03/2019,22:00:00,22,48,12,0.49,13,1
20t,09/03/2019,23:00:00,18,37,10,0.5,14,1
20t,10/03/2019,00:00:00,16,32,12,0.49,12,1
20t,10/03/2019,01:00:00,14,26,15,0.46,7,-
20t,10/03/2019,02:00:00,11,38,13,0.48,9,-
20t,10/03/2019,03:00:00,11,55,12,0.46,11,-
20t,10/03/2019,04:00:00,13,48,2,0.59,17,1
20t,10/03/2019,05:00:00,23,46,1,0.67,17,2
20t,10/03/2019,06:00:00,34,54,2,0.69,17,1
20t,10/03/2019,07:00:00,38,58,3,0.69,16,1
20t,10/03/2019,08:00:00,36,51,8,0.65,16,2
20t,10/03/2019,09:00:00,33,52,16,0.63,16,2
20t,10/03/2019,10:00:00,29,46,42,0.52,6,2
20t,10/03/2019,11:00:00,24,37,58,0.49,5,1
20t,10/03/2019,12:00:00,24,38,64,0.46,5,1
20t,10/03/2019,13:00:00,23,38,65,0.46,5,1
20t,10/03/2019,14:00:00,21,36,69,0.47,6,2
20t,10/03/2019,15:00:00,24,42,66,0.48,7,4
20t,10/03/2019,16:00:00,24,65,57,0.45,6,2
20t,10/03/2019,17:00:00,19,90,35,0.52,14,9
20t,10/03/2019,18:00:00,20,114,24,0.58,20,1
20t,10/03/2019,19:00:00,22,127,11,0.67,28,4
20t,10/03/2019,20:00:00,27,-,-,-,-,-
20t,10/03/2019,21:00:00,28,-,9,0.57,17,1
20t,10/03/2019,22:00:00,25,-,4,0.58,21,-
20t,10/03/2019,23:00:00,20,-,8,0.56,15,-
20t,11/03/2019,00:00:00,17,-,9,0.51,11,-
20t,11/03/2019,01:00:00,16,-,10,0.49,9,-
20t,11/03/2019,02:00:00,13,90,9,0.52,10,-
20t,11/03/2019,03:00:00,12,50,9,0.51,9,-
20t,11/03/2019,04:00:00,13,31,4,0.54,14,-
20t,11/03/2019,05:00:00,16,25,1,0.65,18,1
20t,11/03/2019,06:00:00,22,29,1,0.72,18,1
20t,11/03/2019,07:00:00,29,38,3,0.72,17,2
20t,11/03/2019,08:00:00,35,57,7,0.68,16,3
20t,11/03/2019,09:00:00,33,58,12,0.68,19,3
20t,11/03/2019,10:00:00,32,70,28,0.73,21,3
20t,11/03/2019,11:00:00,37,85,64,0.68,9,2
20t,11/03/2019,12:00:00,39,105,83,0.63,10,2
20t,11/03/2019,13:00:00,40,-,-,0.56,10,2
20t,11/03/2019,14:00:00,37,-,75,0.51,9,1
20t,11/03/2019,15:00:00,50,-,55,0.44,8,2
20t,11/03/2019,16:00:00,75,77,100,0.52,9,2
20t,11/03/2019,17:00:00,65,84,76,0.56,12,2
20t,11/03/2019,18:00:00,38,49,40,0.68,25,8
20t,11/03/2019,19:00:00,36,52,14,0.81,36,5
20t,11/03/2019,20:00:00,32,62,6,0.9,33,12
20t,11/03/2019,21:00:00,31,50,-,-,-,-
20t,11/03/2019,22:00:00,30,40,2,0.78,26,1
20t,11/03/2019,23:00:00,25,38,5,0.63,14,1
20t,12/03/2019,00:00:00,12,19,4,0.63,14,1
20t,12/03/2019,01:00:00,10,16,4,0.62,14,-
20t,12/03/2019,02:00:00,8,13,2,0.61,15,-
20t,12/03/2019,03:00:00,15,27,2,0.72,16,1
20t,12/03/2019,04:00:00,20,30,1,0.82,19,1
20t,12/03/2019,05:00:00,19,28,2,0.89,19,2
20t,12/03/2019,06:00:00,38,44,2,0.9,18,1
20t,12/03/2019,07:00:00,41,46,2,0.88,17,2
20t,12/03/2019,08:00:00,42,47,5,0.88,18,4
20t,12/03/2019,09:00:00,40,48,17,0.89,21,4
20t,12/03/2019,10:00:00,41,51,-,-,-,-
20t,12/03/2019,11:00:00,45,47,88,0.63,16,4
20t,12/03/2019,12:00:00,46,48,90,0.51,11,3
20t,12/03/2019,13:00:00,33,34,86,0.43,7,2
20t,12/03/2019,14:00:00,45,46,94,0.45,8,3
20t,12/03/2019,15:00:00,44,89,108,0.4,9,2
20t,12/03/2019,16:00:00,42,63,126,0.54,18,5
20t,12/03/2019,17:00:00,43,57,69,0.43,17,6
20t,12/03/2019,18:00:00,43,67,27,0.51,37,18
20t,12/03/2019,19:00:00,40,78,4,0.65,48,36
20t,12/03/2019,20:00:00,39,65,2,0.84,48,5
20t,12/03/2019,21:00:00,39,63,2,0.99,47,3
20t,12/03/2019,22:00:00,41,52,1,0.99,44,3
20t,12/03/2019,23:00:00,43,49,1,0.95,41,2
20t,13/03/2019,00:00:00,42,51,3,0.69,33,1
20t,13/03/2019,01:00:00,39,47,3,0.57,30,1
20t,13/03/2019,02:00:00,34,40,3,0.53,25,1
20t,13/03/2019,03:00:00,34,43,2,0.57,24,2
20t,13/03/2019,04:00:00,40,55,2,0.7,23,3
20t,13/03/2019,05:00:00,58,89,1,0.67,22,4
20t,13/03/2019,06:00:00,65,75,2,0.67,20,3
20t,13/03/2019,07:00:00,61,87,4,0.68,20,3
20t,13/03/2019,08:00:00,53,65,8,0.64,20,4
20t,13/03/2019,09:00:00,45,57,14,0.6,22,3
20t,13/03/2019,10:00:00,40,47,34,0.72,27,3
20t,13/03/2019,11:00:00,41,49,-,-,-,-
20t,13/03/2019,12:00:00,40,50,90,0.5,12,2
20t,13/03/2019,13:00:00,38,60,96,0.48,9,2
20t,13/03/2019,14:00:00,32,45,72,0.32,7,1
20t,13/03/2019,15:00:00,27,55,52,0.28,7,2
20t,13/03/2019,16:00:00,20,33,44,0.3,10,6
20t,13/03/2019,17:00:00,17,36,33,0.32,13,4
20t,13/03/2019,18:00:00,16,38,18,0.56,27,6
20t,13/03/2019,19:00:00,17,44,6,0.57,29,4
20t,13/03/2019,20:00:00,19,44,2,0.62,30,5
20t,13/03/2019,21:00:00,22,48,1,0.54,25,3
20t,13/03/2019,22:00:00,23,38,2,0.48,24,1
20t,13/03/2019,23:00:00,21,35,2,0.48,23,1
20t,14/03/2019,00:00:00,19,30,5,0.47,18,-
20t,14/03/2019,01:00:00,16,34,6,0.47,17,1
20t,14/03/2019,02:00:00,19,43,4,0.53,20,1
20t,14/03/2019,03:00:00,25,55,2,0.5,21,2
20t,14/03/2019,04:00:00,29,43,1,0.53,19,1
20t,14/03/2019,05:00:00,32,41,2,0.56,20,1
20t,14/03/2019,06:00:00,35,56,2,0.63,20,2
20t,14/03/2019,07:00:00,34,64,5,0.63,19,3
20t,14/03/2019,08:00:00,32,72,11,0.54,16,3
20t,14/03/2019,09:00:00,30,67,17,0.59,18,3
20t,14/03/2019,10:00:00,27,53,29,0.6,22,5
20t,14/03/2019,11:00:00,27,44,60,0.55,15,4
20t,14/03/2019,12:00:00,28,44,-,-,-,-
20t,14/03/2019,13:00:00,26,34,80,0.46,10,2
20t,14/03/2019,14:00:00,25,46,75,0.44,10,2
20t,14/03/2019,15:00:00,26,52,65,0.43,10,2
20t,14/03/2019,16:00:00,21,34,49,0.45,14,1
20t,14/03/2019,17:00:00,19,43,35,0.49,17,1
20t,14/03/2019,18:00:00,20,49,18,0.58,26,4
20t,14/03/2019,19:00:00,24,51,9,0.54,24,2
20t,14/03/2019,20:00:00,22,39,4,0.55,26,4
20t,14/03/2019,21:00:00,20,29,2,0.51,26,1
20t,14/03/2019,22:00:00,18,31,2,0.53,26,1
20t,14/03/2019,23:00:00,16,21,8,0.37,16,1
